kolt	command_palette.vl:284	styled	plus,inline
kolt	sidebar.vl:150	styled	plus,inline
kolt	sidebar.vl:166	styled	plus,inline
kolt	sidebar.vl:264	styled	plus,inline
kolt	sidebar.vl:279	styled	plus,inline
kolt	views.vl:50	styled	condset,inline
kolt	views.vl:195	styled	plus,inline
kolt	channel.vl:124	styled	plus,inline
kolt	channel.vl:234	styled	plus,inline
kolt	channel.vl:251	styled	plus,inline
kolt	prefs.vl:175	styled	plus,inline
kolt	theme.vl:233	styled	plus,inline
kolt	lib/overlay.vl:431	bind_styled	plus,cond,reactive
kolt	lib/overlay.vl:474	styled	plus
