label	file:line	writer	root	arg
site	art.vl:296	styled	head@9541	art_stage)>
site	art.vl:297	styled	head@9568	dg_blob_top) />
site	art.vl:298	styled	head@9599	dg_blob_left) />
site	art.vl:299	styled	head@9631	dg_blob_right) />
site	art.vl:301	styled	head@9676	dg_source)>
site	art.vl:302	styled	head@9704	art_tab)>"notes.vl · one source"</p>
site	art.vl:303	styled	head@9755	art_code)>
site	art.vl:315	styled	head@10177	dg_wire_zone)>
site	art.vl:316	styled	head@10208	dg_wire_left) />
site	art.vl:317	styled	head@10241	dg_wire_right) />
site	art.vl:318	styled	head@10275	dg_wire_label_left)>"vilan build"</span>
site	art.vl:319	styled	head@10333	dg_wire_label_right)>"vilan build"</span>
site	art.vl:321	styled	head@10400	dg_legs)>
site	art.vl:322	styled	head@10426	art_card)>
site	art.vl:323	styled	head@10454	dg_leg_head)>
site	art.vl:324	styled	head@10486	dot_magenta) />
site	art.vl:325	styled	head@10520	dg_leg_name)>"the server"</span>
site	art.vl:326	styled	head@10572	dg_leg_env)>"node"</span>
site	art.vl:328	styled	head@10627	art_code)>
site	art.vl:333	styled	head@10757	dg_mid)>
site	art.vl:335	styled	head@10794	dg_mid_label)>"notes.add(\"ship it\")"</p>
site	art.vl:336	styled	head@10853	dg_line_row)>
site	art.vl:337	styled	head@10886	arrow_head_left) />
site	art.vl:338	styled	head@10925	dg_line) />
site	art.vl:342	styled	head@10988	dg_line_row)>
site	art.vl:343	styled	head@11021	dg_line_dashed) />
site	art.vl:344	styled	head@11059	arrow_head_right_rose) />
site	art.vl:346	styled	head@11115	dg_mid_label_rose)>"entries"</p>
site	art.vl:347	styled	head@11164	dg_note)>"mirrored live"</p>
site	art.vl:350	styled	head@11228	art_card)>
site	art.vl:351	styled	head@11256	dg_leg_head)>
site	art.vl:352	styled	head@11288	dot_orange) />
site	art.vl:353	styled	head@11321	dg_leg_name)>"the client"</span>
site	art.vl:354	styled	head@11373	dg_leg_env)>"browser"</span>
site	art.vl:356	styled	head@11431	art_code)>
site	art.vl:362	styled	head@11627	art_caption)>
site	art.vl:493	styled	head@15698	art_stage)>
site	art.vl:494	styled	head@15725	ed_blob_a) />
site	art.vl:495	styled	head@15754	ed_blob_b) />
site	art.vl:497	styled	head@15795	ed_window)>
site	art.vl:498	styled	head@15823	ed_titlebar)>
site	art.vl:499	styled	head@15854	ed_dot_red) />
site	art.vl:500	styled	head@15886	ed_dot_orange) />
site	art.vl:501	styled	head@15921	ed_dot_magenta) />
site	art.vl:502	styled	head@15957	ed_title)>"app.vl — vilan"</span>
site	art.vl:504	styled	head@16018	ed_body)>
site	art.vl:505	styled	head@16045	ed_gutter)>"1\n2\n3\n4\n5\n6\n7\n8\n9\n10\n11"</div>
site	art.vl:506	styled	head@16115	ed_code)>
site	art.vl:526	styled	head@16714	ed_squiggle)>"find_user(2)"</span>,
site	art.vl:528	styled	head@16786	ed_caret) />,
site	art.vl:533	styled	head@16867	ed_statusbar)>
site	art.vl:534	styled	head@16899	ed_problem)>"⊗ 1"</span>
site	art.vl:536	styled	head@16971	ed_status_right)>"Ln 10, Col 17 · app.vl"</span>
site	art.vl:538	styled	head@17047	ed_hover)>
site	art.vl:539	styled	head@17075	ed_hover_error)>"Expected str, but got Option<str> instead."
site	art.vl:540	styled	head@17159	ed_hover_from)>"vilan · live as you type"</div>
site	art.vl:677	styled	head@21557	tc_chip) style(i"left: {left}; top: {top}")>
site	art.vl:678	styled	head@21617	led) style(i"background: {color}") />
site	art.vl:684	styled	head@21731	tc_wrap)>
site	art.vl:685	styled	head@21756	tc_blob_b) />
site	art.vl:686	styled	head@21785	tc_blob_a) />
site	art.vl:687	styled	head@21814	tc_blob_c) />
site	art.vl:689	styled	head@21855	tc_spoke_up) />
site	art.vl:690	styled	head@21886	tc_spoke_down) />
site	art.vl:691	styled	head@21919	tc_spoke_run) />
site	art.vl:692	styled	head@21951	tc_spoke_fmt) />
site	art.vl:693	styled	head@21983	tc_spoke_lsp) />
site	art.vl:694	styled	head@22015	tc_spoke_upgrade) />
site	art.vl:695	styled	head@22051	tc_center_mask) />
site	art.vl:696	styled	head@22085	tc_center) aria-label("vilan") role("img") />
site	art.vl:780	styled	head@24770	df_arrow)>
site	art.vl:781	styled	head@24796	df_arrow_label)>{label}</span>
site	art.vl:782	styled	head@24843	df_arrow_row)>
site	art.vl:783	styled	head@24874	dg_line) />
site	art.vl:784	styled	head@24902	arrow_head_right) />
site	art.vl:790	styled	head@25021	if lit { df_node_lit } else { df_node })>
site	art.vl:791	styled	head@25078	df_tag)>{tag}</p>
site	art.vl:792	styled	head@25109	art_code)>{ln(body)}</div>
site	art.vl:797	styled	head@25188	df_wrap)>
site	art.vl:798	styled	head@25213	df_blob_a) />
site	art.vl:799	styled	head@25242	df_blob_b) />
site	art.vl:801	styled	head@25283	df_row)>
site	art.vl:808	styled	head@25610	art_caption)>
site	code.vl:58	styled	head@1978	tk_keyword)>{text}</span>
site	code.vl:62	styled	head@2048	tk_string)>{text}</span>
site	code.vl:66	styled	head@2116	tk_plain)>{text}</span>
site	code.vl:71	styled	head@2233	tk_callable)>{text}</span>
site	code.vl:76	styled	head@2332	tk_type)>{text}</span>
site	code.vl:81	styled	head@2469	tk_hole)>{text}</span>
site	code.vl:93	styled	head@2648	code_pre)>{lines}</pre>
site	code.vl:117	styled	head@3465	leaf_style)>{text}</code>
site	code.vl:121	styled	head@3553	leaf_link_style) href(href)>{text}</a>
site	masthead.vl:107	styled	head@10055	bloom_field)>
site	masthead.vl:108	styled	head@10084	bloom_drift)>
site	masthead.vl:109	styled	head@10114	bloom_blurwrap)>
site	masthead.vl:110	styled	head@10148	bloom_gradient) />
site	masthead.vl:112	styled	head@10193	bloom_duo) />
site	masthead.vl:156	styled	head@11653	hero_block)>
site	masthead.vl:157	styled	head@11684	visually_hidden)>"Vilan — The Modern Web Language"</h1>
site	masthead.vl:158	styled	head@11754	hero_mark) src(i"{assets}/dark_logo_flat.svg") alt("") />
site	masthead.vl:159	styled	head@11827	hero_wordmark) src(i"{assets}/wordmark_hero.svg") alt("VILAN
site	masthead.vl:160	styled	head@11908	hero_tagline) aria-hidden("true")>"The Modern Web Language"<
site	masthead.vl:165	styled	head@12021	masthead_wrap)>{hero()}</div>
site	page.vl:82	styled	head@2292	shell)>
site	page.vl:185	styled	head@5402	install_label)>{label}</p>
site	page.vl:186	styled	head@5442	install_command)>
site	page.vl:187	styled	head@5476	install_command_text)>{command}</span>
site	page.vl:189	styled	head@5532	copy_button)
site	page.vl:207	styled	head@5966	copy_icon) alt("") .bind_attr("src", icon) />
site	page.vl:214	styled	head@6105	column + section_block + stack)>
site	page.vl:215	styled	head@6171	heading)>"One command, the whole toolchain"</h2>
site	page.vl:216	styled	head@6234	lead)>
site	page.vl:221	styled	head@6505	install_split)>
site	page.vl:222	styled	head@6537	install_grid)>
site	page.vl:227	styled	head@6919	install_art_cell)>{toolchain_art()}</div>
site	page.vl:254	styled	head@7532	showcase_grid)>
site	page.vl:263	styled	head@7777	showcase_grid_flipped)>
site	page.vl:303	styled	head@8872	demo_box)>
site	page.vl:304	styled	head@8898	demo_button) on:click(|| count.set_with(|n: i32| n + 1))>"+1
site	page.vl:305	styled	head@8987	demo_label)>{count.derive(|n: i32| i"clicked {n} times")}</p
site	page.vl:374	styled	head@10349	showcase_copy)>
site	page.vl:375	styled	head@10380	heading)>"UI that follows your data"</h2>
site	page.vl:376	styled	head@10436	lead)>
site	page.vl:381	styled	head@10762	lead)>"The snippet is the whole program, and it runs. Try it
site	page.vl:384	styled	head@10880	column + section_block + stack)>
site	page.vl:395	styled	head@11233	column + section_block + stack)>
site	page.vl:396	styled	head@11285	heading)>"The server is a struct. The client is generated."<
site	page.vl:397	styled	head@11364	lead)>
site	page.vl:481	styled	head@14017	diag_pre)>
site	page.vl:483	styled	head@14052	diag_error)>"Error:"</span>,
site	page.vl:486	styled	head@14161	diag_frame)>"   ╭─[ demo.vl:8:14 ]"</span>])}
site	page.vl:487	styled	head@14228	diag_frame)>"   │"</span>])}
site	page.vl:488	styled	head@14278	diag_frame)>" 8 │     print(greet(find_user(2)));"</span>])}
site	page.vl:489	styled	head@14360	diag_frame)>"   │                 ──────┬─────"</span>])}
site	page.vl:491	styled	head@14443	diag_frame)>
site	page.vl:495	styled	head@14580	diag_frame)>"───╯"</span>])}
site	page.vl:500	styled	head@14678	diag_stack)>
site	page.vl:504	styled	head@14776	showcase_copy)>
site	page.vl:505	styled	head@14807	heading)>"Find out at compile time"</h2>
site	page.vl:506	styled	head@14862	lead)>
site	page.vl:513	styled	head@15301	lead)>
site	page.vl:518	styled	head@15588	column + section_block + stack)>{showcase_flipped(code, pros
site	page.vl:524	styled	head@15749	showcase_copy)>
site	page.vl:525	styled	head@15780	heading)>"The editor is in on it"</h2>
site	page.vl:526	styled	head@15833	lead)>
site	page.vl:532	styled	head@16131	lead)>
site	page.vl:537	styled	head@16411	column + section_block + stack)>
site	page.vl:619	styled	head@19481	button_link_style) href(href)>
site	page.vl:621	styled	head@19539	link_arrow) src(i"{assets}/icons/move-right.svg") alt("") />
site	page.vl:626	styled	head@19668	card_link) href(href)>
site	page.vl:628	styled	head@19718	link_arrow) src(i"{assets}/icons/move-right.svg") alt("") />
site	page.vl:639	styled	head@20234	card)>
site	page.vl:640	styled	head@20260	card_icon) src(i"{assets}/icons/{icon}.svg") alt("") />
site	page.vl:641	styled	head@20331	card_title)>{name}</h3>
site	page.vl:642	styled	head@20369	card_body)>{body}</p>
site	page.vl:648	styled	head@20473	column + section_block + stack)>
site	page.vl:649	styled	head@20525	heading)>"Built into the language"</h2>
site	page.vl:650	styled	head@20579	cards_grid) data-glow("")>
site	page.vl:696	styled	head@22821	column + section_block + stack)>
site	page.vl:697	styled	head@22873	dogfood_text)>
site	page.vl:700	styled	head@23112	dogfood_text)>
site	page.vl:703	styled	head@23335	dogfood_cta)>
site	page.vl:750	styled	head@24577	footer_head)>{title}</p>
site	page.vl:751	styled	head@24615	footer_list)>{links}</div>
site	page.vl:756	styled	head@24693	footer_block)>
site	page.vl:757	styled	head@24726	column + footer_grid)>
site	page.vl:762	styled	head@24765	footer_mark)
site	page.vl:765	styled	head@24921	footer_link) href("#install")>"Install"</a>,
site	page.vl:766	styled	head@24981	footer_link) href("/docs/tour/hello-vilan.html")>"Learn"</a>
site	page.vl:767	styled	head@25058	footer_link) href("/playground")>"Playground"</a>,
site	page.vl:768	styled	head@25124	footer_link) href("/docs/")>"Documentation"</a>,
site	page.vl:771	styled	head@25228	footer_link) href(i"{repo}/issues")>"Issues"</a>,
site	page.vl:772	styled	head@25293	footer_link) href(i"{repo}/discussions")>"Discussions"</a>,
site	page.vl:773	styled	head@25368	footer_link) href("https://github.com/vilan-lang")>"GitHub"<
site	page.vl:776	styled	head@25495	footer_link) href(i"{repo}/blob/main/CODE_OF_CONDUCT.md")>
site	page.vl:779	styled	head@25602	footer_link) href(i"{repo}#license")>"Licenses"</a>,
site	page.vl:780	styled	head@25670	footer_link) href(i"{repo}/blob/main/assets/branding/LICENSE
site	page.vl:785	styled	head@25792	column)>
site	page.vl:786	styled	head@25817	footer_micro)>
site	playground_page.vl:403	styled	head@16248	diag_error)>"error"</span>,
site	playground_page.vl:404	styled	head@16297	diag_warning)>"warning"</span>,
site	playground_page.vl:416	styled	head@16619	diag_trace)>{text}</div>
site	playground_page.vl:425	styled	head@16932	diag_site)>i" {row.file}:{row.line}:{row.column} "</span>
site	playground_page.vl:433	styled	head@17166	diag_note)>i"  note: {row.note}"</div>);
site	playground_page.vl:437	styled	head@17290	diag_row_error)>{body}</div>,
site	playground_page.vl:438	styled	head@17340	diag_row_warning)>{body}</div>,
site	playground_page.vl:444	styled	head@17463	console_error)>{row.text}</div>,
site	playground_page.vl:445	styled	head@17516	console_line)>{row.text}</div>,
site	playground_page.vl:468	styled	head@18054	shell + app_fill + code_palette)>
site	playground_page.vl:469	styled	head@18103	app_bar)>
site	playground_page.vl:470	styled	head@18132	nav_brand + nav_link) href("/")>
site	playground_page.vl:471	styled	head@18180	nav_mark + no_drag) aria-hidden("true") />
site	playground_page.vl:474	styled	head@18273	page_title)>"Playground"</h1>
site	playground_page.vl:475	styled	head@18318	rail_divider) />
site	playground_page.vl:476	styled	head@18351	primary_button) on:click(|| run())>
site	playground_page.vl:482	styled	head@18511	select_box) id("mode") aria-label("Compile mode") .show(can_
site	playground_page.vl:486	styled	head@18738	select_box) id("prelude") aria-label("Ambient scope") .show(
site	playground_page.vl:491	styled	head@18977	ghost_button) on:click(|| format()) .show(can_format)>"Forma
site	playground_page.vl:492	styled	head@19068	ghost_button) on:click(|| share())>{share_label}</button>
site	playground_page.vl:493	styled	head@19145	status_line) role("status")>{status}</p>
site	playground_page.vl:494	styled	head@19200	version_select) id("version") aria-label("Compiler version")
site	playground_page.vl:495	styled	head@19283	rail_divider) />
site	playground_page.vl:496	styled	head@19316	nav_link) href("/docs/")>"Docs"</a>
site	playground_page.vl:498	styled	head@19377	quad_grid)>
site	playground_page.vl:499	styled	head@19406	panel)>
site	playground_page.vl:500	styled	head@19431	panel_head)>
site	playground_page.vl:501	styled	head@19462	panel_title)>"Program"</p>
site	playground_page.vl:502	styled	head@19505	select_box) id("template") aria-label("Load an example")>
site	playground_page.vl:516	styled	head@20159	confirm_bar)>
site	playground_page.vl:517	styled	head@20192	confirm_question)>
site	playground_page.vl:521	styled	head@20371	ghost_button) on:click(|| cancel_replace())>
site	playground_page.vl:524	styled	head@20476	primary_button) on:click(|| confirm_replace())>
site	playground_page.vl:529	styled	head@20600	editor_host) id("editor") aria-label("Program editor") />
site	playground_page.vl:531	styled	head@20684	panel)>
site	playground_page.vl:532	styled	head@20709	panel_head)>
site	playground_page.vl:533	styled	head@20740	panel_title)>"Result"</p>
site	playground_page.vl:535	styled	head@20792	runner_host) id("runner") aria-label("Program result") />
site	playground_page.vl:537	styled	head@20876	panel)>
site	playground_page.vl:538	styled	head@20901	panel_head)>
site	playground_page.vl:539	styled	head@20932	panel_title)>"Diagnostics"</p>
site	playground_page.vl:541	styled	head@20989	report_well)>
site	playground_page.vl:542	styled	head@21021	quiet_row) .show(diagnostics.derive(|rows| rows.len() == 0))
site	playground_page.vl:548	styled	head@21234	panel)>
site	playground_page.vl:549	styled	head@21259	panel_head)>
site	playground_page.vl:550	styled	head@21290	panel_title)>"Console"</p>
site	playground_page.vl:552	styled	head@21343	report_well)>
site	playground_page.vl:553	styled	head@21375	quiet_row) .show(console_lines.derive(|rows| rows.len() == 0
site	theme.vl:467	styled	head@22930	column)>
site	theme.vl:468	styled	head@22954	rule_line) />
site	theme.vl:482	styled	head@23233	grain_overlay) />
site	topbar.vl:98	styled	head@3335	topbar) .style_var("--nav-fade", scroll_fade)>
site	topbar.vl:99	styled	head@3397	column + nav_row)>
site	topbar.vl:100	styled	head@3432	nav_brand + nav_link) href("/")>
site	topbar.vl:101	styled	head@3480	nav_mark + no_drag) aria-hidden("true") />
site	topbar.vl:104	styled	head@3573	nav_links)>
site	topbar.vl:105	styled	head@3602	nav_link) href("/#install")>"Install"</a>
site	topbar.vl:106	styled	head@3659	nav_link) href("/docs/tour/hello-vilan.html")>"Learn"</a>
site	topbar.vl:107	styled	head@3732	nav_link) href("/playground/")>"Playground"</a>
site	topbar.vl:108	styled	head@3795	nav_link) href("/docs/")>"Docs"</a>
