FAILED	adapt	Error: Expected i32, but got usize instead. There are no implicit numeric conversions; convert with `.as_i32()`
FAILED	capture-clones	Error: Expected i32, but got usize instead. There are no implicit numeric conversions; convert with `.as_i32()`
MOVED	crypto
MOVED	delta-law
MOVED	element-clones
MOVED	for-mut-container
MOVED	iterator-adapters
MOVED	list-cell
MOVED	list-search
MOVED	list-sort
MOVED	mut-parameters
MOVED	option-view
MOVED	reactive-keyed
FAILED	reconcile-index	Error: Expected List<usize>, but got List<i32> instead.
MOVED	side-effect-let
MOVED	subscript
MOVED	time
