subject,run,instructions_u,wall_s,load1
math,0,252304469,0.50,23.08
walkthrough,0,10634040706,4.21,23.31
kolt,0,33397995953,7.41,23.17
math,1,252304873,0.11,23.17
walkthrough,1,10634034102,2.00,23.17
kolt,1,33398027282,4.49,22.36
math,2,252305195,0.06,22.36
walkthrough,2,10634032955,1.27,22.36
kolt,2,33397996528,3.46,21.29
math,3,252304097,0.05,21.29
walkthrough,3,10634039957,1.82,21.29
kolt,3,33398010018,10.16,23.13
math,4,252306503,0.10,23.13
walkthrough,4,10634042548,5.36,24.08
kolt,4,33398036048,8.91,24.27
math,5,252304177,0.12,24.27
math,6,252303893,0.14,24.27
math,7,252304201,0.26,24.27
math,8,252304560,0.11,24.27
math,9,252305867,0.13,24.27
