subject,run,wall_s,cpu_s,maxrss_mb_cumulative,exit,load1
website,0,1.3744,2.0558,259,0,10.79
kolt,0,3.7693,3.7680,259,0,10.64
website,1,1.3486,1.9725,259,0,10.64
kolt,1,3.4767,3.4741,259,0,10.64
website,2,1.1678,1.8053,259,0,10.35
kolt,2,3.1079,3.1034,259,0,10.35
website,3,1.2905,1.9509,259,0,10.40
kolt,3,3.5241,3.5195,259,0,10.40
website,4,1.2451,1.8969,259,0,10.21
kolt,4,3.4447,3.4436,259,0,10.21

subject,metric,median,min,max,spread_pct,cv_pct
website,wall,1.2905,1.1678,1.3744,16.0,6.4
website,cpu,1.9509,1.8053,2.0558,12.8,4.8
kolt,wall,3.4767,3.1079,3.7693,19.0,6.8
kolt,cpu,3.4741,3.1034,3.7680,19.1,6.9
