file:line	name	class	W_closures	R_closures	read_after	write_after	write_before	closure_lines
./binary.vl:405	writer	iii	16	0	0	0	0	[407, 408, 409, 410, 411, 412, 413, 414, 415, 416, 417, 418, 419, 420, 421, 423]
./binary.vl:426	reader	iii	18	0	0	0	0	[435, 436, 437, 438, 439, 440, 441, 442, 443, 444, 445, 446, 447, 448, 449, 450, 451, 452]
./json.vl:855	writer	iii	15	1	0	0	0	[857, 858, 859, 860, 861, 862, 863, 864, 865, 866, 867, 868, 869, 870, 871, 873]
./json.vl:878	reader	iii	18	0	0	0	0	[883, 884, 885, 886, 887, 888, 889, 890, 891, 892, 893, 894, 895, 896, 897, 898, 899, 900]
./process/rpc/server.vl:842	settled	iii	1	0	0	1	0	[846]
./process/rpc/server.vl:843	expired	iii	1	0	1	0	0	[846]
./process/rpc/server.vl:1299	closed	ii	1	0	0	0	0	[1300]
./process/rpc/server.vl:1312	greeted	iii	1	1	0	0	0	[1315, 1322]
./reactive/store_core.vl:553	reached	iii	1	0	1	0	0	[555]
./reactive/store_core.vl:554	changed	iii	1	0	2	0	0	[555]
./reactive/store_core.vl:835	out	iii	1	0	1	0	0	[836]
./reactive/store_core.vl:904	out	iii	1	0	1	0	0	[905]
./reactive/store_core.vl:923	reached	iii	1	0	1	0	0	[924]
./reactive/store_core.vl:944	last	ii	1	0	0	0	0	[952]
./reactive/store_core.vl:953	reached	iii	1	0	1	0	0	[954]
./reactive/store_core.vl:1054	out	iii	1	0	1	0	0	[1055]
./reactive/store_core.vl:1066	out	iii	1	0	1	0	0	[1067]
./reactive/store.vl:396	reached	iii	1	0	1	0	0	[402]
./reactive/store.vl:397	start	iii	1	1	1	0	0	[402, 428]
./reactive/store.vl:398	taking	iii	1	1	1	0	0	[402, 428]
./reactive/store.vl:399	changed	iii	1	0	1	0	0	[402]
./reactive/store.vl:401	olds	iii	1	1	0	0	0	[402, 435]
./reactive/store.vl:494	pending	iii	2	1	0	0	0	[498, 501, 509]
./reactive/store.vl:495	olds	iii	1	1	0	0	0	[501, 509]
./reactive/store.vl:511	reached	iii	1	0	1	0	0	[512]
./reactive/store.vl:543	pending	iii	2	1	0	0	0	[547, 550, 558]
./reactive/store.vl:544	olds	iii	1	1	0	0	0	[550, 558]
./reactive/store.vl:560	reached	iii	1	0	1	0	0	[561]
./reactive/store.vl:621	pending	iii	2	1	0	0	0	[625, 628, 639]
./reactive/store.vl:622	olds	iii	1	1	0	0	0	[628, 639]
./reactive/store.vl:641	reached	iii	1	0	1	0	0	[642]
./reactive/store.vl:726	length	iii	1	0	1	0	0	[727]
./reactive/store.vl:785	length	iii	1	0	1	0	0	[786]
./reactive/store.vl:869	length	iii	1	0	1	0	0	[870]
./reactive/store.vl:885	length	iii	1	0	1	0	0	[886]
./reactive.vl:2100	latest	iii	1	1	1	0	0	[2106, 2112]
./rpc.vl:425	connection	iii	1	0	2	1	0	[442]
./rpc.vl:993	connection	iii	1	0	1	0	0	[995]
./rpc.vl:994	refused	iii	1	0	2	0	0	[995]
./rpc.vl:3726	found	i	0	1	0	0	1	[3753]
./rpc.vl:3927	ops	ii	1	0	0	0	1	[3935]
./rpc.vl:5953	fault	iii	1	0	1	0	0	[5963]
./rpc.vl:6314	closure	ii	1	0	0	0	0	[6314]
